<Backups xmlns="http://www.microsoft.com/GroupPolicy/GPOOperations/Manifest" xmlns:mfst="http://www.microsoft.com/GroupPolicy/GPOOperations/Manifest" mfst:version="1.0"><BackupInst><GPOGuid><![CDATA[{7C2D92B3-51D7-486D-A3CD-F50E8730941E}]]></GPOGuid><GPODomain><![CDATA[contoso.local]]></GPODomain><GPODomainGuid><![CDATA[{f7b14dea-5d0f-407b-91ca-b9f5370b9db2}]]></GPODomainGuid><GPODomainController><![CDATA[CORPDC.contoso.local]]></GPODomainController><BackupTime><![CDATA[2018-03-21T17:28:34]]></BackupTime><ID><![CDATA[{67F219D4-11E0-4C05-AB7F-C2E7E94FBC47}]]></ID><Comment><![CDATA[]]></Comment><GPODisplayName><![CDATA[WS-2016]]></GPODisplayName></BackupInst></Backups>