Machine Name,Policy Target,Subcategory,Subcategory GUID,Inclusion Setting,Exclusion Setting,Setting Value
,System,Audit Credential Validation,{0cce923f-69ae-11d9-bed3-505054503030},Success and Failure,,3
,System,Audit Other Account Logon Events,{0cce9241-69ae-11d9-bed3-505054503030},Success and Failure,,3
,System,Audit Computer Account Management,{0cce9236-69ae-11d9-bed3-505054503030},Success,,1
,System,Audit Security Group Management,{0cce9237-69ae-11d9-bed3-505054503030},Success,,1
,System,Audit User Account Management,{0cce9235-69ae-11d9-bed3-505054503030},Success and Failure,,3
,System,Audit PNP Activity,{0cce9248-69ae-11d9-bed3-505054503030},Success,,1
,System,Audit Process Creation,{0cce922b-69ae-11d9-bed3-505054503030},Success,,1
,System,Audit Logoff,{0cce9216-69ae-11d9-bed3-505054503030},Success,,1
,System,Audit Logon,{0cce9215-69ae-11d9-bed3-505054503030},Success and Failure,,3
,System,Audit Special Logon,{0cce921b-69ae-11d9-bed3-505054503030},Success,,1
,System,Audit Removable Storage,{0cce9245-69ae-11d9-bed3-505054503030},Success and Failure,,3
