<BackupInst xmlns="http://www.microsoft.com/GroupPolicy/GPOOperations/Manifest"><GPOGuid><![CDATA[{7C2D92B3-51D7-486D-A3CD-F50E8730941E}]]></GPOGuid><GPODomain><![CDATA[contoso.local]]></GPODomain><GPODomainGuid><![CDATA[{f7b14dea-5d0f-407b-91ca-b9f5370b9db2}]]></GPODomainGuid><GPODomainController><![CDATA[CORPDC.contoso.local]]></GPODomainController><BackupTime><![CDATA[2018-03-20T09:43:35]]></BackupTime><ID><![CDATA[{CFC408BE-6BAD-4298-8AFE-11731DBF6BF7}]]></ID><Comment><![CDATA[]]></Comment><GPODisplayName><![CDATA[WS-2016]]></GPODisplayName></BackupInst>
