<BackupInst xmlns="http://www.microsoft.com/GroupPolicy/GPOOperations/Manifest"><GPOGuid><![CDATA[{52A5E869-C587-4F03-B093-72AEFDC90082}]]></GPOGuid><GPODomain><![CDATA[test.local]]></GPODomain><GPODomainGuid><![CDATA[{7946eba1-94e0-45cb-9dbf-62bbd20bf3cb}]]></GPODomainGuid><GPODomainController><![CDATA[WIN-PRMCRMF17ID.test.local]]></GPODomainController><BackupTime><![CDATA[2018-01-12T15:06:01]]></BackupTime><ID><![CDATA[{2FFC0A30-06D1-4206-A8D9-B5E163DAE5BB}]]></ID><Comment><![CDATA[]]></Comment><GPODisplayName><![CDATA[WS-WIN2012R2]]></GPODisplayName></BackupInst>
